[
    { "name": "Meu Deus", "value": "k.mds", "inline": true },
    { "name": "Que isso", "value": "k.queisso", "inline": true },
    { "name": "Triste", "value": "k.triste", "inline": true },
    { "name": "Indiginado", "value": "k.indignado", "inline": true },
    { "name": "Filho", "value": "k.filho", "inline": true },
    { "name": "Mano", "value": "k.mano", "inline": true },
    { "name": "Consinco", "value": "k.con5", "inline": true },
    { "name": "Dificil", "value": "k.dificil", "inline": true },
    { "name": "Gui", "value": "k.gui", "inline": true },
    { "name": "23213213", "value": "k.g321321321ui", "inline": true },
    { "name": "\u200B", "value": "\u200B" }
]