[
    { "name": "Faz urro ", "value": "k.urro", "inline": true },
    { "name": "Brabo ", "value": "k.brabo", "inline": true },
    { "name": "Boa noite (Lucas) ", "value": "k.bn", "inline": true },
    { "name": "Miau", "value": "k.miau", "inline": true },
    { "name": "Inhai Travesti ", "value": "k.nhai", "inline": true },
    { "name": "DIGUIN", "value": "k.diguin", "inline": true },
    { "name": "DIGUIN 2 ", "value": "k.diguin2", "inline": true },
    { "name": "OOOOPA", "value": "k.opa", "inline": true },
    { "name": "MEU DEEEUS", "value": "k.meudeus", "inline": true },
    { "name": "MOCOOOO", "value": "k.moco", "inline": true },
    { "name": "BELEZA ", "value": "k.beleza", "inline": true },
    { "name": "FOME", "value": "k.fome", "inline": true },
    { "name": "OOOOPA2 ", "value": "k.opa2", "inline": true },
    { "name": "Cê é bobo ", "value": "k.cebobo", "inline": true },
    { "name": "VAI MANEL", "value": "k.manel", "inline": true },
    { "name": "Seis são uns mininos díficeis", "value": "k.dificeis", "inline": true },
    { "name": "O que que ta acontecendo", "value": "k.acontecendo", "inline": true }

]